<module uid="01ec0f70-0000-12ae-0000-000000000000" name="DocumentPublisher" class="com.modeliosoft.documentpublisher.impl.DocumentPublisherMdac" version = "3.2.13.8021" binaryversion = "2.2.01.8021" licenseRequired = "true">
  <classpath>
      <entry path = 'lib/DocumentPublisher.jar'/>
      <entry path = 'lib/dom4j-1.6.1.jar'/>
      <entry path = 'lib/jaxen-1.1.jar'/>
      <entry path = 'lib/OXML.jar'/>
      <entry path = 'lib/log4j-1.2.15.jar'/>
      <entry path = 'lib/nodes.jar'/>
      <entry path = 'lib/libauthm.jar'/>
      <entry path = 'lib/simple-odf-0.6.6.jar'/>
      <entry path = 'lib/xercesImpl.jar'/>
      <entry path = 'lib/odfdom-java-0.8.7.jar'/>
  </classpath>
  <docpath>
    <entry path = 'doc/com.modeliosoft.modelio.documentation.documentpublisher.jar'/>
  </docpath>
  <profile uid="01ec0f70-0000-12b8-0000-000000000000" name="Document Publisher" >
      <stereotype uid="01ec0f70-0000-12bb-0000-000000000000" name="DocumentPublisher.Document" label="%DocumentPublisher.Document" metaclass="Artifact" is-hidden="true">
          <icons>
              <small path="res/bmp/docartifact_expl.png" />
              <explorer path="res/bmp/docartifact_expl.png" />
              <diagram path="res/bmp/docartifact_icon.png" />
          </icons>
              <notetype uid="01ec0f70-0000-12c3-0000-000000000000" name="DocumentPublisher.properties" label="" is-hidden="true" />
              <notetype uid="01ec1198-0001-b9c8-0000-000000000000" name="DocumentPublisher.revisionHistory" label="" is-hidden="true" />
              <taggedvalues uid="01ec0f70-0000-12c8-0000-000000000000" name="DocumentPublisher.targetFile" label="" parameter-card="1" is-hidden="true" is-signed="false" />
              <taggedvalues uid="01ec0f70-0000-12cd-0000-000000000000" name="DocumentPublisher.targetDir" label="" parameter-card="1" is-hidden="true" is-signed="false" />
              <taggedvalues uid="01ec0f70-0000-12d2-0000-000000000000" name="DocumentPublisher.template" label="" parameter-card="1" is-hidden="true" is-signed="false" />
              <taggedvalues uid="01ec0f70-0000-26de-0000-000000000000" name="DocumentPublisher.name" label="" parameter-card="1" is-hidden="true" is-signed="false" />
              <taggedvalues uid="01ec0f70-0000-2756-0000-000000000000" name="DocumentPublisher.groupMode" label="" parameter-card="0" is-hidden="true" is-signed="false" />
              <taggedvalues uid="01ec1198-0000-37cd-0000-000000000000" name="DocumentPublisher.generateDiagram" label="" parameter-card="0" is-hidden="true" is-signed="false" />
              <taggedvalues uid="01ec1198-0001-b9cd-0000-000000000000" name="DocumentPublisher.content" label="" parameter-card="1" is-hidden="true" is-signed="false" />
              <taggedvalues uid="01ec1198-0002-0575-0000-000000000000" name="DocumentPublisher.revisionMode" label="" parameter-card="0" is-hidden="true" is-signed="false" />
              <taggedvalues uid="01ec18cc-0000-7d1c-0000-000000000000" name="DocumentPublisher.stylesheet" label="" parameter-card="1" is-hidden="true" is-signed="false" />
      </stereotype>
      <stereotype uid="01ec0f70-0000-12d5-0000-000000000000" name="DocumentPublisher.DocumentFolder" label="%DocumentPublisher.DocumentFolder" metaclass="Package" is-hidden="true">
          <icons>
              <small path="res/bmp/folder.png" />
              <explorer path="res/bmp/folder.png" />
              <diagram path="res/bmp/folder.png" />
          </icons>
      </stereotype>
  </profile>
  <parameter uid="01ec0f70-0000-141b-0000-000000000000"  name="Title" />
  <parameter uid="01ec2064-0000-0117-0000-000000000000"  name="Subject" />
  <parameter uid="01ec0f70-0000-141f-0000-000000000000"  name="Author" />
  <parameter uid="01ec2064-0000-0119-0000-000000000000"  name="Address" />
  <parameter uid="01ec1198-0000-d2c5-0000-000000000000"  name="Company" />
  <parameter uid="01ec0f70-0000-1425-0000-000000000000"  name="Copyright" />
  <parameter uid="01ec0f70-0000-141d-0000-000000000000"  name="Version" />
  <parameter uid="01ec1198-0000-d307-0000-000000000000"  name="TemplatePath" />
  <parameter uid="c42798d4-138f-11de-a5db-00137279a5d1"  name="AutomaticallyOpenDocument" />
  <parameter uid="01ec2064-0000-0153-0000-000000000000"  name="HTMLStylesheet" />
  <parameter uid="01ec2064-0000-0155-0000-000000000000"  name="DOCXStylesheet" />
  <parameter uid="0cbcd549-429e-11e1-beda-002564c97630"  name="ODTStylesheet" />
</module>
